<ImportExportXml xmlns:xsi="http://www.w3.org/2001/XMLSchema-instance">
  <Entities></Entities>
  <Roles></Roles>
  <Workflows></Workflows>
  <FieldSecurityProfiles></FieldSecurityProfiles>
  <Templates />
  <EntityMaps />
  <EntityRelationships />
  <OrganizationSettings />
  <optionsets />
  <CustomControls />
  <EntityDataProviders />
  <CanvasApps>
    <CanvasApp>
      <Name>crc6d_howsmyday_4f51c</Name>
      <AppVersion>2023-09-26T07:54:45Z</AppVersion>
      <Status>Ready</Status>
      <CreatedByClientVersion>3.23093.15.0</CreatedByClientVersion>
      <MinClientVersion>3.23093.15.0</MinClientVersion>
      <Tags>{"primaryDeviceWidth":"640","primaryDeviceHeight":"1136","supportsPortrait":"true","supportsLandscape":"true","primaryFormFactor":"Phone","showStatusBar":"false","publisherVersion":"3.23093.15","minimumRequiredApiVersion":"2.2.0","hasComponent":"false","hasUnlockedComponent":"false","isUnifiedRootApp":"false","sienaVersion":"20230924T071755Z-3.23092.13.0"}</Tags>
      <IsCdsUpgraded>0</IsCdsUpgraded>
      <GalleryItemId xsi:nil="true"></GalleryItemId>
      <BackgroundColor>rgba(255, 255, 255, 1)</BackgroundColor>
      <DisplayName>How's My Day</DisplayName>
      <Description>Your Personal Schedule Assistant to keep your regular schedule healthy.</Description>
      <CommitMessage xsi:nil="true"></CommitMessage>
      <Publisher xsi:nil="true"></Publisher>
      <AuthorizationReferences>[]</AuthorizationReferences>
      <ConnectionReferences>{"03412b05-1ad0-4af0-84f4-0c4bc77837aa":{"id":"/providers/microsoft.powerapps/apis/shared_office365","displayName":"Office 365 Outlook","iconUri":"https://connectoricons-prod.azureedge.net/u/laborbol/partial-builds/ase-v3/1.0.1653.3402/office365/icon.png","dataSources":["Office365Outlook"],"dependencies":[],"dependents":[],"parameterHints":{},"parameterHintsV2":{},"isOnPremiseConnection":false,"bypassConsent":false,"dataSets":{},"apiTier":"Standard","actions":["CalendarGetTables","GetEventsCalendarViewV2"],"isCustomApiSolutionAware":false},"7206ceef-f3ec-4ef8-86cc-d6e98b075aec":{"id":"/providers/microsoft.powerapps/apis/shared_powerplatformchatapi-5f2c65504b7651d17c-5ff89aad059c4a3428","displayName":"PowerPlatformChatAPI","iconUri":"https://az787822.vo.msecnd.net/defaulticons/api-dedicated.png","dataSources":["PowerPlatformChatAPI"],"dependencies":[],"dependents":[],"parameterHints":{},"parameterHintsV2":{},"isOnPremiseConnection":false,"bypassConsent":false,"dataSets":{},"apiTier":"Standard","customApiLogicalName":"ashwani_powerplatformchatapi","isCustomApiSolutionAware":true}}</ConnectionReferences>
      <DatabaseReferences>{}</DatabaseReferences>
      <AppComponents>[]</AppComponents>
      <AppComponentDependencies>[]</AppComponentDependencies>
      <CanConsumeAppPass>1</CanConsumeAppPass>
      <CanvasAppType>0</CanvasAppType>
      <BypassConsent>0</BypassConsent>
      <AdminControlBypassConsent>0</AdminControlBypassConsent>
      <EmbeddedApp xsi:nil="true"></EmbeddedApp>
      <IntroducedVersion>1.0</IntroducedVersion>
      <CdsDependencies>{"cdsdependencies":[{"logicalname":"ashwani_powerplatformchatapi","componenttype":372,"componenttypeplatformname":"connector"}]}</CdsDependencies>
      <IsCustomizable>1</IsCustomizable>
      <BackgroundImageUri>/CanvasApps/crc6d_howsmyday_4f51c_BackgroundImageUri</BackgroundImageUri>
      <DocumentUri>/CanvasApps/crc6d_howsmyday_4f51c_DocumentUri.msapp</DocumentUri>
    </CanvasApp>
  </CanvasApps>
  <Connectors>
    <Connector>
      <connectorid>1646cfbe-f3e3-4093-b487-685a2fcfb09c</connectorid>
      <description></description>
      <displayname>PowerPlatformChatAPI</displayname>
      <iconbrandcolor>#007ee5</iconbrandcolor>
      <name>ashwani_powerplatformchatapi</name>
      <connectortype>1</connectortype>
      <openapidefinition>/Connector/ashwani_powerplatformchatapi_openapidefinition.json</openapidefinition>
      <connectionparameters>/Connector/ashwani_powerplatformchatapi_connectionparameters.json</connectionparameters>
      <policytemplateinstances>/Connector/ashwani_powerplatformchatapi_policytemplateinstances.json</policytemplateinstances>
      <iconblob>/Connector/ashwani_powerplatformchatapi_iconblob.Png</iconblob>
    </Connector>
  </Connectors>
  <connectionreferences>
    <connectionreference connectionreferencelogicalname="crc6d_sharedmicrosofttranslator_9e975">
      <connectionreferencedisplayname>Microsoft Translator Cr685b6-9e975</connectionreferencedisplayname>
      <connectorid>/providers/Microsoft.PowerApps/apis/shared_microsofttranslator</connectorid>
      <iscustomizable>1</iscustomizable>
      <statecode>0</statecode>
      <statuscode>1</statuscode>
    </connectionreference>
  </connectionreferences>
  <Languages>
    <Language>1033</Language>
  </Languages>
</ImportExportXml>