"Issue","Category","Severity","Guidance","Component","Location","Line #","Module","Type","Member","Statement","Comments"
"app-include-readable-screen-name","Accessibility","Medium","https://learn.microsoft.com/en-us/power-apps/maker/canvas-apps/accessibility-checker#types-of-issues","Configuration","/CanvasApps/crc6d_howsmyday_4f51c_DocumentUri.msapp","0","Screen1","Screen1","","Screen1","Give the screen a title that describes what's on the screen or what it's used for."
"app-include-readable-screen-name","Accessibility","Medium","https://learn.microsoft.com/en-us/power-apps/maker/canvas-apps/accessibility-checker#types-of-issues","Configuration","/CanvasApps/crc6d_howsmyday_4f51c_DocumentUri.msapp","0","Screen3","Screen3","","Screen3","Give the screen a title that describes what's on the screen or what it's used for."
"app-include-accessible-label","Accessibility","Medium","https://www.w3.org/WAI/tutorials/forms/labels/","Configuration","/CanvasApps/crc6d_howsmyday_4f51c_DocumentUri.msapp","0","Screen3","Screen3.Icon3","AccessibleLabel","Screen3.Icon3.AccessibleLabel","Edit the accessible label property to describe the item."
"app-include-tab-index","Accessibility","Medium","https://learn.microsoft.com/en-us/power-apps/maker/canvas-apps/accessibility-checker#types-of-issues","Configuration","/CanvasApps/crc6d_howsmyday_4f51c_DocumentUri.msapp","0","Screen3","Screen3.Icon3","TabIndex","Screen3.Icon3.TabIndex","Set TabIndex to 0 or greater to ensure that interactive elements have a tab stop."
"app-include-tab-index","Accessibility","Medium","https://learn.microsoft.com/en-us/power-apps/maker/canvas-apps/accessibility-checker#types-of-issues","Configuration","/CanvasApps/crc6d_howsmyday_4f51c_DocumentUri.msapp","0","Screen3","Screen3.CalendarEventsGallery1","TabIndex","Screen3.CalendarEventsGallery1.TabIndex","Set TabIndex to 0 or greater to ensure that interactive elements have a tab stop."
"app-include-accessible-label","Accessibility","Medium","https://www.w3.org/WAI/tutorials/forms/labels/","Configuration","/CanvasApps/crc6d_howsmyday_4f51c_DocumentUri.msapp","0","Screen3","Screen3.CalendarEventsGallery1.Rectangle1","AccessibleLabel","Screen3.CalendarEventsGallery1.Rectangle1.AccessibleLabel","Edit the accessible label property to describe the item."
"app-include-tab-index","Accessibility","Medium","https://learn.microsoft.com/en-us/power-apps/maker/canvas-apps/accessibility-checker#types-of-issues","Configuration","/CanvasApps/crc6d_howsmyday_4f51c_DocumentUri.msapp","0","Screen3","Screen3.CalendarEventsGallery1.Body1","TabIndex","Screen3.CalendarEventsGallery1.Body1.TabIndex","Set TabIndex to 0 or greater to ensure that interactive elements have a tab stop."
"app-include-tab-index","Accessibility","Medium","https://learn.microsoft.com/en-us/power-apps/maker/canvas-apps/accessibility-checker#types-of-issues","Configuration","/CanvasApps/crc6d_howsmyday_4f51c_DocumentUri.msapp","0","Screen3","Screen3.CalendarEventsGallery1.Description1","TabIndex","Screen3.CalendarEventsGallery1.Description1.TabIndex","Set TabIndex to 0 or greater to ensure that interactive elements have a tab stop."
"app-include-accessible-label","Accessibility","Medium","https://www.w3.org/WAI/tutorials/forms/labels/","Configuration","/CanvasApps/crc6d_howsmyday_4f51c_DocumentUri.msapp","0","Screen3","Screen3.CalendarEventsGallery1.iconLocation1","AccessibleLabel","Screen3.CalendarEventsGallery1.iconLocation1.AccessibleLabel","Edit the accessible label property to describe the item."
"app-include-tab-index","Accessibility","Medium","https://learn.microsoft.com/en-us/power-apps/maker/canvas-apps/accessibility-checker#types-of-issues","Configuration","/CanvasApps/crc6d_howsmyday_4f51c_DocumentUri.msapp","0","Screen3","Screen3.CalendarEventsGallery1.Subtitle1","TabIndex","Screen3.CalendarEventsGallery1.Subtitle1.TabIndex","Set TabIndex to 0 or greater to ensure that interactive elements have a tab stop."
"app-include-accessible-label","Accessibility","Medium","https://www.w3.org/WAI/tutorials/forms/labels/","Configuration","/CanvasApps/crc6d_howsmyday_4f51c_DocumentUri.msapp","0","Screen3","Screen3.iconCalendar1","AccessibleLabel","Screen3.iconCalendar1.AccessibleLabel","Edit the accessible label property to describe the item."
"app-include-accessible-label","Accessibility","Medium","https://www.w3.org/WAI/tutorials/forms/labels/","Configuration","/CanvasApps/crc6d_howsmyday_4f51c_DocumentUri.msapp","0","Screen3","Screen3.dropdownCalendarSelection1","AccessibleLabel","Screen3.dropdownCalendarSelection1.AccessibleLabel","Edit the accessible label property to describe the item."
"app-include-accessible-label","Accessibility","Medium","https://www.w3.org/WAI/tutorials/forms/labels/","Configuration","/CanvasApps/crc6d_howsmyday_4f51c_DocumentUri.msapp","0","Screen3","Screen3.iconPrevMonth1","AccessibleLabel","Screen3.iconPrevMonth1.AccessibleLabel","Edit the accessible label property to describe the item."
"app-include-accessible-label","Accessibility","Medium","https://www.w3.org/WAI/tutorials/forms/labels/","Configuration","/CanvasApps/crc6d_howsmyday_4f51c_DocumentUri.msapp","0","Screen3","Screen3.iconNextMonth1","AccessibleLabel","Screen3.iconNextMonth1.AccessibleLabel","Edit the accessible label property to describe the item."
"app-include-tab-index","Accessibility","Medium","https://learn.microsoft.com/en-us/power-apps/maker/canvas-apps/accessibility-checker#types-of-issues","Configuration","/CanvasApps/crc6d_howsmyday_4f51c_DocumentUri.msapp","0","Screen3","Screen3.WeekdayGallery1","TabIndex","Screen3.WeekdayGallery1.TabIndex","Set TabIndex to 0 or greater to ensure that interactive elements have a tab stop."
"app-include-tab-index","Accessibility","Medium","https://learn.microsoft.com/en-us/power-apps/maker/canvas-apps/accessibility-checker#types-of-issues","Configuration","/CanvasApps/crc6d_howsmyday_4f51c_DocumentUri.msapp","0","Screen3","Screen3.MonthDayGallery1","TabIndex","Screen3.MonthDayGallery1.TabIndex","Set TabIndex to 0 or greater to ensure that interactive elements have a tab stop."
"app-include-readable-screen-name","Accessibility","Medium","https://learn.microsoft.com/en-us/power-apps/maker/canvas-apps/accessibility-checker#types-of-issues","Configuration","/CanvasApps/crc6d_howsmyday_4f51c_DocumentUri.msapp","0","Screen2","Screen2","","Screen2","Give the screen a title that describes what's on the screen or what it's used for."
"app-include-accessible-label","Accessibility","Medium","https://www.w3.org/WAI/tutorials/forms/labels/","Configuration","/CanvasApps/crc6d_howsmyday_4f51c_DocumentUri.msapp","0","Screen2","Screen2.Icon2","AccessibleLabel","Screen2.Icon2.AccessibleLabel","Edit the accessible label property to describe the item."
"app-include-tab-index","Accessibility","Medium","https://learn.microsoft.com/en-us/power-apps/maker/canvas-apps/accessibility-checker#types-of-issues","Configuration","/CanvasApps/crc6d_howsmyday_4f51c_DocumentUri.msapp","0","Screen2","Screen2.Icon2","TabIndex","Screen2.Icon2.TabIndex","Set TabIndex to 0 or greater to ensure that interactive elements have a tab stop."
"app-include-accessible-label","Accessibility","Medium","https://www.w3.org/WAI/tutorials/forms/labels/","Configuration","/CanvasApps/crc6d_howsmyday_4f51c_DocumentUri.msapp","0","Screen2","Screen2.Gallery1","AccessibleLabel","Screen2.Gallery1.AccessibleLabel","Edit the accessible label property to describe the item."
"app-include-tab-index","Accessibility","Medium","https://learn.microsoft.com/en-us/power-apps/maker/canvas-apps/accessibility-checker#types-of-issues","Configuration","/CanvasApps/crc6d_howsmyday_4f51c_DocumentUri.msapp","0","Screen2","Screen2.Gallery1","TabIndex","Screen2.Gallery1.TabIndex","Set TabIndex to 0 or greater to ensure that interactive elements have a tab stop."
"app-include-readable-screen-name","Accessibility","Medium","https://learn.microsoft.com/en-us/power-apps/maker/canvas-apps/accessibility-checker#types-of-issues","Configuration","/CanvasApps/crc6d_howsmyday_4f51c_DocumentUri.msapp","0","Screen2_1","Screen2_1","","Screen2_1","Give the screen a title that describes what's on the screen or what it's used for."
"app-include-accessible-label","Accessibility","Medium","https://www.w3.org/WAI/tutorials/forms/labels/","Configuration","/CanvasApps/crc6d_howsmyday_4f51c_DocumentUri.msapp","0","Screen2_1","Screen2_1.Icon2_1","AccessibleLabel","Screen2_1.Icon2_1.AccessibleLabel","Edit the accessible label property to describe the item."
"app-include-tab-index","Accessibility","Medium","https://learn.microsoft.com/en-us/power-apps/maker/canvas-apps/accessibility-checker#types-of-issues","Configuration","/CanvasApps/crc6d_howsmyday_4f51c_DocumentUri.msapp","0","Screen2_1","Screen2_1.Icon2_1","TabIndex","Screen2_1.Icon2_1.TabIndex","Set TabIndex to 0 or greater to ensure that interactive elements have a tab stop."
"app-include-accessible-label","Accessibility","Medium","https://www.w3.org/WAI/tutorials/forms/labels/","Configuration","/CanvasApps/crc6d_howsmyday_4f51c_DocumentUri.msapp","0","Screen2_1","Screen2_1.Gallery1_1","AccessibleLabel","Screen2_1.Gallery1_1.AccessibleLabel","Edit the accessible label property to describe the item."
"app-include-tab-index","Accessibility","Medium","https://learn.microsoft.com/en-us/power-apps/maker/canvas-apps/accessibility-checker#types-of-issues","Configuration","/CanvasApps/crc6d_howsmyday_4f51c_DocumentUri.msapp","0","Screen2_1","Screen2_1.Gallery1_1","TabIndex","Screen2_1.Gallery1_1.TabIndex","Set TabIndex to 0 or greater to ensure that interactive elements have a tab stop."